Steps,Draw Type,X1,Y1,Z1,X2,Y2,Z2,X3,Y3,Z3
1,Line,133.528767,94.499998,3.0,115.337477,94.499998,3.0,NA,NA,NA
