Steps,Draw Type,X1,Y1,Z1,X2,Y2,Z2,X3,Y3,Z3
1,Line,120.163442,106.500006,3.0,123.473586,106.500006,3.0,NA,NA,NA
